{"loss": [0.002005097223445773, 0.0013555205659940839, 0.0010563244577497244, 0.0008516816888004541, 0.0007219633553177118, 0.0006060018786229193, 0.0005301126511767507, 0.0004615189100150019, 0.000408760184654966, 0.000361180049367249, 0.00033580890158191323, 0.000312148651573807, 0.00027873271028511226, 0.0002648614172358066, 0.00024199292238336056, 0.0002227572986157611, 0.00021393215865828097, 0.00019633692863862962, 0.0001843028439907357, 0.00017233029939234257, 0.00016773142851889133, 0.0001560316450195387, 0.0001567325962241739, 0.00013482925714924932, 0.00013560120714828372], "masked_binary_crossentropy": [0.0017691272078081965, 0.0011960560223087668, 0.0009320792159996927, 0.0007514379685744643, 0.000636997923720628, 0.0005346720572561026, 0.00046777655370533466, 0.00040721302502788603, 0.00036065455060452223, 0.0003186865069437772, 0.00029630991048179567, 0.00027540995506569743, 0.000245946750510484, 0.00023369828704744577, 0.00021351395116653293, 0.00019654349307529628, 0.00018876499962061644, 0.0001732235396048054, 0.00016262537974398583, 0.00015205204545054585, 0.00014799644122831523, 0.0001376739819534123, 0.00013828898954670876, 0.00011896590876858681, 0.00011964875739067793], "val_loss": [0.0006311225588433444, 0.0005103697185404599, 0.0004732648376375437, 0.00040861201705411077, 0.00036636338336393237, 0.0003344053984619677, 0.00032426253892481327, 0.0003054538683500141, 0.000324045104207471, 0.00030187872471287847, 0.00031029756064526737, 0.0002642697363626212, 0.00027762848185375333, 0.0003133951686322689, 0.00038020743522793055, 0.0003071159007959068, 0.00030391517793759704, 0.0002812656166497618, 0.00031902853515930474, 0.000300402200082317, 0.00031549218692816794, 0.00031203380785882473, 0.00032469199504703283, 0.0002942379214800894, 0.00035977159859612584], "val_masked_binary_crossentropy": [0.0006311132456175983, 0.0005103630828671157, 0.0004732687084469944, 0.0004086050612386316, 0.00036636157892644405, 0.00033440679544582963, 0.00032425991958007216, 0.00030544938636012375, 0.0003240401856601238, 0.0003018730494659394, 0.0003103041963186115, 0.0002642771869432181, 0.0002776233886834234, 0.00031338934786617756, 0.00038020138163119555, 0.00030711019644513726, 0.00030403793789446354, 0.00028126061079092324, 0.000319022627081722, 0.00030042079742997885, 0.0003155226295348257, 0.0003120474284514785, 0.0003246859705541283, 0.0002942345745395869, 0.00035976487561129034]}